,idU,Candidates,Gender
0,1,Enoch Nayler,M
1,2,Ethan Terry,M
2,3,Ryan Newman,M
3,4,Noemi Bradley,F
4,5,Rita Doherty,F
5,6,Dasha Townend,F
6,7,Faith Shaw,F
7,8,Ilona Moore,F
8,9,Owen Bowen,M
9,10,Wade Franks,M
10,11,Sabrina Chadwick,F
11,12,Lillian Owen,F
12,13,Violet Darcy,F
13,14,Josh Cadman,M
14,15,Morgan Welsch,F
15,16,Rosalee Lee,F
16,17,Daria Dale,F
17,18,Brooklyn Willson,F
18,19,Lillian Santos,F
19,20,Michaela Mcgregor,F
20,21,Maxwell Squire,M
21,22,Manuel Flett,M
22,23,Molly Ellery,F
23,24,Bryon Tate,M
24,25,Nathan Thomson,M
25,26,Melania Stone,F
26,27,Teagan Anderson,F
27,28,Maia Parker,F
28,29,Hayden Stubbs,M
29,30,Mike Bullock,M
30,31,Denny Simmons,M
31,32,Bryon Quinton,M
32,33,Bob Dixon,M
33,34,Susan Allcott,F
34,35,Jane Ward,F
35,36,Destiny Drew,F
36,37,Emmanuelle Rossi,F
37,38,Ruby Booth,F
38,39,Davina Quinn,F
39,40,Bernadette Grady,F
40,41,Bryon Upton,M
41,42,Marigold Martin,F
42,43,Kendra Cartwright,F
43,44,Barney Holt,M
44,45,Rose Mitchell,F
45,46,Sienna Kirby,F
46,47,Percy Olson,M
47,48,Roger Upton,M
48,49,Sara Swift,F
49,50,Jacob Russell,M
50,51,Skylar Lowe,F
51,52,Sara Brett,F
52,53,Hayden Ingham,F
53,54,Daniel Shaw,M
54,55,Caleb Parr,M
55,56,Manuel Mcnally,M
56,57,Tony Thomas,M
57,58,Benny Reynolds,M
58,59,Logan Reese,M
59,60,Morgan Paterson,F
60,61,Bryon Shaw,M
61,62,Tony Darcy,M
62,63,Kieth Benson,M
63,64,Jack Brock,M
64,65,Mike Holmes,M
65,66,Jack Jenkin,M
66,67,John Welsch,M
67,68,Phillip Reynolds,M
68,69,Jane James,F
69,70,Johnathan Robinson,M
70,71,Evelynn Chappell,F
71,72,Anais Stark,F
72,73,Cameron Hood,F
73,74,Nancy Ellwood,F
74,75,Wade Russell,M
75,76,Emerald Noon,F
76,77,Alex Bryson,F
77,78,Clint Pond,M
78,79,Anthony Eyres,M
79,80,Clint Jefferson,M
80,81,Harmony Salt,F
81,82,Josephine Anderson,F
82,83,Leroy Jeffery,M
83,84,Raquel Latham,F
84,85,Megan Isaac,F
85,86,Rosalee Dyson,F
86,87,Benny Whittle,M
87,88,Parker Dyson,F
88,89,Boris Bingham,M
89,90,Chuck Ogilvy,M
90,91,Johnny Turner,M
91,92,Mike Redfern,M
92,93,Rosalie Rose,F
93,94,Scarlett Bentley,F
94,95,Gladys Bailey,F
95,96,Evelynn Funnell,F
96,97,Alessia Reese,F
97,98,Remy Dillon,F
98,99,Elisabeth Preston,F
99,100,Madelyn Ianson,F
100,101,Bart Alcroft,M
101,102,Ron Verdon,M
102,103,Brad Owen,M
103,104,Jules Wilde,F
104,105,Erica Power,F
105,106,Shannon Hobbs,F
106,107,Candace Attwood,F
107,108,Sara Partridge,F
108,109,Joyce Windsor,F
109,110,Kieth Ebden,M
110,111,Gil Lyon,M
111,112,Nathan Allen,M
112,113,Harry Olivier,M
113,114,Isabel Groves,F
114,115,Ember Weldon,F
115,116,Ada Umney,F
116,117,Marigold Chapman,F
117,118,Tiffany Vernon,F
118,119,Russel Gavin,M
119,120,Jack May,M
120,121,Julian Kennedy,M
121,122,Bart Aldridge,M
122,123,Ramon Brown,M
123,124,Caleb Stubbs,M
124,125,Alexander Wilkinson,M
125,126,Anthony Harrison,M
126,127,Danny Mitchell,M
127,128,Luke Funnell,M
128,129,Harvey Warden,M
129,130,Hanna Huggins,F
130,131,Camden Everett,F
131,132,Carl Wooldridge,M
132,133,Joyce Fulton,F
133,134,Chad Morley,M
134,135,Hanna Mason,F
135,136,Jack Griffiths,M
136,137,Norah Tate,F
137,138,Johnathan Whitehouse,M
138,139,Josh Summers,M
139,140,Madison Collingwood,F
140,141,Mavis Page ,F
141,142,Lindsay Wise,F
142,143,Tess Brooks,F
143,144,David Wilson,M
144,145,Julius Veale,M
145,146,Wade Baker,M
146,147,Boris Funnell,M
147,148,Erick Snow,M
148,149,Aileen Gregory,F
149,150,Julia Edwards,F
150,151,Carmen Dubois,F
151,152,Liliana Sinclair,F
152,153,Eden Chappell,F
153,154,Marjorie Robinson,F
154,155,Gwenyth James,F
155,156,Chad Owen,M
156,157,Benny Osmond,M
157,158,Charlotte Zaoui,F
158,159,Alexa Clarke,F
159,160,Carl Gardner,M
160,161,Vicky Weston,F
161,162,Aurelia Thornton,F
162,163,Eduardo Bullock,M
163,164,Elijah Drummond,M
164,165,Manuel Brennan,M
165,166,Erick Denton,M
166,167,Eduardo Rowe,M
167,168,Domenic Thatcher,M
168,169,Michael Farmer,M
169,170,Barney Victor,M
170,171,Cedrick Preston,M
171,172,Leroy Lane,M
172,173,Luke Wright,M
173,174,Mark Thomson,M
174,175,Chloe Miller,F
175,176,Carter Gray,M
176,177,Jacob King,M
177,178,George Grey,M
178,179,Miley Crawford,F
179,180,Samantha Becker,F
180,181,Daron Walton,M
181,182,Fred Osmond,M
182,183,Bart Ward,M
183,184,Maxwell Stanley,M
184,185,Beatrice Power,F
185,186,Gil Wallace,M
186,187,Danny Hill,M
187,188,Isabel Silva,F
188,189,Camden Mccall,F
189,190,Chelsea Gonzales,F
190,191,Macy Harvey,F
191,192,Alan Clayton,M
192,193,Emmanuelle Murphy,F
193,194,Isla Saunders,F
194,195,Martin Thompson,M
195,196,Ciara Exton,F
196,197,Marilyn Hope,F
197,198,Bryon Dallas,M
198,199,Violet Matthews,F
199,200,Jack Harris,M
200,201,Nick Gavin,M
201,202,Mason Dale,M
202,203,Adeline Leslie,F
203,204,Crystal Mackenzie,F
204,205,Daron Walsh,M
205,206,Michael Notman,M
206,207,Colleen Evans,F
207,208,Kieth John,M
208,209,Domenic Rowan,M
209,210,Joseph Tate,M
210,211,Emery Jefferson,F
211,212,Christy Rothwell,F
212,213,Kassandra Funnell,F
213,214,Harvey Rixon,M
214,215,Eileen Gosling,F
215,216,Benny Ranks,M
216,217,Trisha Khan,F
217,218,Abdul Dale,M
218,219,Alexa Bell,F
219,220,Cynthia Turner,F
220,221,Brad Verdon,M
221,222,Chester Benson,M
222,223,Hayden Snow,M
223,224,Tiffany Addison,F
224,225,Mabel Kennedy,F
225,226,Tess Terry,F
226,227,Cristal Funnell,F
227,228,Makena Riley,F
228,229,Meredith Grey,F
229,230,Quinn Kennedy,F
230,231,Carl Nelson,M
231,232,Hayden Woodcock,M
232,233,Elle Page ,F
233,234,Elijah Irving,M
234,235,Cedrick Driscoll,M
235,236,Elisabeth White,F
236,237,Chelsea Edley,F
237,238,Camila Campbell,F
238,239,Emmanuelle Thatcher,F
239,240,Mark Speed,M
240,241,Lindsay Flynn,F
241,242,Doug Stone,M
242,243,Tyler Broomfield,M
243,244,Aiden Bolton,M
244,245,Henry Wade,M
245,246,Victoria Alcroft,F
246,247,Alba Hardwick,F
247,248,Julian Owens,M
248,249,Jacob Savage,M
249,250,Joseph Shaw,M
250,251,Josh Drummond,M
251,252,Leroy Flanders,M
252,253,Jackeline Walsh,F
253,254,Elena Nelson,F
254,255,Fiona Richardson,F
255,256,Gabriel Jenkins,M
256,257,Johnny Addis,M
257,258,Harvey Blythe,M
258,259,Harry Kerr,M
259,260,Victoria Blackwall,F
260,261,Mike Redfern,M
261,262,Catherine Dale,F
262,263,Eduardo Edwards,M
263,264,Nate Ianson,M
264,265,Nate Roscoe,M
265,266,Harvey Antcliff,M
266,267,Livia Stewart,F
267,268,Valerie Price,F
268,269,Henry Griffiths,M
269,270,Gabriel Thatcher,M
270,271,Carter Broomfield,M
271,272,Hayden Barclay,M
272,273,Marvin Doherty,M
273,274,Candice Davies,F
274,275,Emely Morris,F
275,276,Jules Potts,F
276,277,Morgan Locke,F
277,278,Cassandra Lucas,F
278,279,Maxwell Hale,M
279,280,Madison Hogg,F
280,281,Leilani Bingham,F
281,282,Alexander Wilson,M
282,283,Chester Weatcroft,M
283,284,Bob Lambert,M
284,285,Nina Sawyer,F
285,286,Gabriel Robertson,M
286,287,Ronald Brown,M
287,288,Aileen Graham,F
288,289,Piper Avery,F
289,290,Aisha Brown,F
290,291,Tom Jefferson,M
291,292,Julianna Larsen,F
292,293,Tony Hewitt,M
293,294,Tony Morgan,M
294,295,Angela Glass,F
295,296,Cedrick Gates,M
296,297,Javier Styles,M
297,298,Anais Forth,F
298,299,Doug Selby,M
299,300,Britney Harris,F
300,301,Gabriel Waterhouse,M
301,302,Nina Cox,F
302,303,Grace Walker,F
303,304,Daron Lane,M
304,305,Denis Corbett,M
305,306,Brad Niles,M
306,307,Julius Ranks,M
307,308,Sofie Brett,F
308,309,Anthony Fox,M
309,310,Louise Casey,F
310,311,Michelle Barclay,F
311,312,Shannon Holt,F
312,313,Tyler Alexander,M
313,314,Mark Abbot,M
314,315,Logan Matthews,M
315,316,Melody Lewis,F
316,317,Ruby Brown,F
317,318,Makenzie Roberts,F
318,319,Denis Lowe,M
319,320,Luna Parker,F
320,321,Owen Roscoe,M
321,322,Nina Dyson,F
322,323,John Bell,M
323,324,Carter Egerton,M
324,325,Samantha Emerson,F
325,326,Beatrice Mason,F
326,327,Liam Gilmore,M
327,328,Doug Watson,M
328,329,Liam Baldwin,M
329,330,Rocco Patel,M
330,331,Shay Noon,F
331,332,Aiden Khan,M
332,333,Marissa Patel,F
333,334,Holly Holt,F
334,335,Hayden Mcgregor,M
335,336,Luke Clayton,M
336,337,Maxwell Judd,M
337,338,Ronald Drake,M
338,339,Johnny Rees,M
339,340,Gwen Wilkinson,F
340,341,Harry Wilson,M
341,342,Helen Widdows,F
342,343,John Redfern,M
343,344,Phillip Spencer,M
344,345,Luke Richards,M
345,346,Rocco Thomson,M
346,347,Adalind Murphy,F
347,348,Evelynn Hilton,F
348,349,Willow Robinson,F
349,350,Benny Sloan,M
350,351,Russel Logan,M
351,352,Joy Chapman,F
352,353,Melinda Willson,F
353,354,Marissa Speed,F
354,355,Carmen Poulton,F
355,356,Danny Neal,M
356,357,Amelia Stanton,F
357,358,Harry Stark,M
358,359,Rick Edwards,M
359,360,Chanelle Forth,F
360,361,Benjamin Hancock,M
361,362,Priscilla Dwyer,F
362,363,Rick Gibbons,M
363,364,Parker Whittle,F
364,365,Aiden Groves,M
365,366,Doug Ring,M
366,367,Elijah Archer,M
367,368,Alan Ross,M
368,369,Nicholas Reese,M
369,370,Jack Garner,M
370,371,William Rixon,M
371,372,Karla Hall,F
372,373,Angelica Sherwood,F
373,374,Barney Downing,M
374,375,Mina Osmond,F
375,376,Mason Nobbs,M
376,377,Anthony Shelton,M
377,378,Denis Pratt,M
378,379,Cassidy Yarlett,F
379,380,Adalind Douglas,F
380,381,Benny Robertson,M
381,382,Carter Clarke,M
382,383,Leah Forester,F
383,384,Percy Booth,M
384,385,Lucy Gordon,F
385,386,Crystal Sinclair,F
386,387,Matthew Oswald,M
387,388,Sage Parker,F
388,389,Darlene Wright,F
389,390,Bree Stewart,F
390,391,Leroy Stevenson,M
391,392,Sloane Douglas,F
392,393,Julius Allington,M
393,394,Sebastian Moore,M
394,395,Manuel Baldwin,M
395,396,Isabel Hill,F
396,397,Mina Sawyer,F
397,398,Blake Gordon,F
398,399,John Richards,M
399,400,Chester Ingram,M
400,401,Matthew Moreno,M
401,402,Henry Robinson,M
402,403,Anais Holt,F
403,404,Greta Eastwood,F
404,405,David Tindall,M
405,406,Piper Plumb,F
406,407,Harriet Nicolas,F
407,408,Marjorie Forth,F
408,409,Bryon Vincent,M
409,410,Joseph Jackson,M
410,411,Rosalee Rycroft,F
411,412,Barney Emmott,M
412,413,Julian Smith,M
413,414,Lucas Umney,M
414,415,Lucas Wilson,M
415,416,Julian Price,M
416,417,Rick Collins,M
417,418,Camila Benson,F
418,419,Nick Whitehouse,M
419,420,Agnes Jenkins,F
420,421,Maribel Butler,F
421,422,Bethany Robertson,F
422,423,Leroy Leigh,M
423,424,Barney Matthews,M
424,425,Courtney Whinter,F
425,426,Peter Wade,M
426,427,Freya Lomax,F
427,428,Julius Franks,M
428,429,Mavis Higgs,F
429,430,Penny Cox,F
430,431,Rufus Varndell,M
431,432,Mackenzie Swan,F
432,433,Phoebe Richardson,F
433,434,Tyson Stanley,M
434,435,Cara Utterson,F
435,436,Bristol Roman,F
436,437,Mark Jacobs,M
437,438,Angelique Terry,F
438,439,Amelia Robinson,F
439,440,Parker Pickard,F
440,441,Mya Emerson,F
441,442,Goldie Hall,F
442,443,Bethany Russell,F
443,444,Hank Forth,M
444,445,Ellen Roth,F
445,446,Benjamin Rodwell,M
446,447,Mary Oswald,F
447,448,Chuck Cartwright,M
448,449,Nathan Dale,M
449,450,Logan Vane,F
450,451,Eduardo Robertson,M
451,452,Gemma Morris,F
452,453,Tyler Rees,M
453,454,Chadwick Yates,M
454,455,Alex Styles,F
455,456,Stephanie Malone,F
456,457,Harry Healy,M
457,458,Elise Armstrong,F
458,459,Jacob Widdows,M
459,460,Willow Lynch,F
460,461,Samantha Adler,F
461,462,Maggie Huggins,F
462,463,Chelsea Newman,F
463,464,Rosie Quinton,F
464,465,Miriam Dowson,F
465,466,Jamie Franks,F
466,467,Alexander Brett,M
467,468,Camila Wilkinson,F
468,469,Tiffany Edler,F
469,470,Matt Fox,M
470,471,Parker Blackwall,F
471,472,Kieth Rycroft,M
472,473,Tony Lunt,M
473,474,Carl Swan,M
474,475,Jessica Speed,F
475,476,Ivette Jordan,F
476,477,Hannah Bryson,F
477,478,Susan Vallins,F
478,479,Alexa Pope,F
479,480,Drew Glynn,F
480,481,Erick Henderson,M
481,482,Chester Phillips,M
482,483,Ryan Brown,M
483,484,Kirsten Lunt,F
484,485,Gil Rosenbloom,M
485,486,Mason Keys,M
486,487,Logan Ellison,M
487,488,Tess Walsh,F
488,489,Jacob Bennett,M
489,490,Carl Alcroft,M
490,491,Angelique Warren,F
491,492,Chris Amstead,M
492,493,Jayden Mason,M
493,494,Marvin Allen,M
494,495,Martha Stubbs,F
495,496,Eryn Webster,F
496,497,Esmeralda Lambert,F
497,498,Sylvia Graham,F
498,499,Nathan Yarlett,M
499,500,Oliver Antcliff,M
500,501,Clint Ward,M
501,502,Mason Oliver,M
502,503,Alan Lindop,M
503,504,Rosalie Lyon,F
504,505,Leanne Vaughn,F
505,506,Remy Goodman,F
506,507,Nicholas Hale,M
507,508,Gabriel Wright,M
508,509,Hailey Richards,F
509,510,Ron Allen,M
510,511,Stella Villiger,F
511,512,Hayden Richards,M
512,513,Eduardo Bloom,M
513,514,Gabriel Varley,M
514,515,Joseph Rainford,M
515,516,Samantha Victor,F
516,517,Louise Wild,F
517,518,Faith Callan,F
518,519,Bryce Vallory,F
519,520,Jayden Sherry,M
520,521,Holly Wood,F
521,522,Mandy Wilkinson,F
522,523,Jocelyn Reading,F
523,524,Jacqueline Sherwood,F
524,525,Alan Campbell,M
525,526,Marjorie Eddison,F
526,527,Matthew Carter,M
527,528,Cara Jennson,F
528,529,Cadence Goldsmith,F
529,530,Manuel Adams,M
530,531,Raquel Nelson,F
531,532,John Rodwell,M
532,533,Leslie Skinner,F
533,534,Joy Harper,F
534,535,Daphne Sheldon,F
535,536,Danny Torres,M
536,537,Aurelia Walter,F
537,538,Kieth Morgan,M
538,539,Cadence Watson,F
539,540,Megan Jacobs,F
540,541,Gabriel Knott,M
541,542,Rachael Veale,F
542,543,Daron Graham,M
543,544,Alison Richards,F
544,545,Ron Lucas,M
545,546,Valerie Needham,F
546,547,Phoebe Ingram,F
547,548,Dani Vaughn,F
548,549,Anthony Hardwick,M
549,550,Kate Archer,F
550,551,Harvey Jones,M
551,552,Oliver Morgan,M
552,553,Lauren Gordon,F
553,554,Alexander Owen,M
554,555,Mabel Patel,F
555,556,Julius Holmes,M
556,557,David Noach,M
557,558,Lana Forth,F
558,559,Hayden Cassidy,M
559,560,Matthew Hilton,M
560,561,Maribel Wigley,F
561,562,Martha Emmott,F
562,563,Penelope Broomfield,F
563,564,Eduardo Dempsey,M
564,565,Rita Ross,F
565,566,Eve Grey,F
566,567,Johnathan Tennant,M
567,568,Bart Lomax,M
568,569,Alice Plant,F
569,570,Julius Rycroft,M
570,571,Tom Sylvester,M
571,572,Liliana Pope,F
572,573,Roger Briggs,M
573,574,Ron Steer,M
574,575,Hayden Alexander,M
575,576,Melanie Ward,F
576,577,Doug Flanders,M
577,578,Wade Carter,M
578,579,Ryan Pitt,M
579,580,Caleb Donnelly,M
580,581,Hank Lindop,M
581,582,Willow Furnell,F
582,583,Janice Moreno,F
583,584,Sydney Pond,F
584,585,Ramon Dann,M
585,586,Tyler Stevenson,M
586,587,William Thomas,M
587,588,Matt Stone ,M
588,589,Ryan Robe,M
589,590,Doris Kennedy,F
590,591,Alexa Turner,F
591,592,Nate Flanders,M
592,593,Esmeralda Radley,F
593,594,Mark Larkin,M
594,595,Tess Hunt,F
595,596,Carina Brock,F
596,597,Aiden Allcott,M
597,598,Hadley Higgs,F
598,599,Maria Walsh,F
599,600,Maxwell Callan,M
600,601,Cameron Jenkins,F
601,602,Mara Walton,F
602,603,Fred Hopkinson,M
603,604,Tyson Victor,M
604,605,Bob Uttridge,M
605,606,Nina Sherwood,F
606,607,Isla Watson,F
607,608,Audrey Leigh,F
608,609,Grace Addison,F
609,610,Wade Harrison,M
610,611,Mandy Raven,F
611,612,Estrella Glynn,F
612,613,Bernadette Pickard,F
613,614,Maxwell Victor,M
614,615,Rufus Whittle,M
615,616,Joy Bright,F
616,617,Mona Yard,F
617,618,Carla Clark,F
618,619,Enoch Young,M
619,620,Erick Moran,M
620,621,Oliver Hale,M
621,622,Henry Rees,M
622,623,Chris Bowen,M
623,624,Carter Speed,M
624,625,Lucas Truscott,M
625,626,Kassandra Fisher,F
626,627,Harmony Willson,F
627,628,Kate Clifford,F
628,629,Johnathan Wade,M
629,630,Bernadette Abbey,F
630,631,Bridget Parker,F
631,632,Bryon Andrews,M
632,633,Anthony Walker,M
633,634,Christy West,F
634,635,Caydence Campbell,F
635,636,Ruth Everett,F
636,637,Rose Dyson,F
637,638,Chuck Young,M
638,639,Leilani Buckley,F
639,640,Daron Uttley,M
640,641,Chadwick Baxter,M
641,642,Maia Coleman,F
642,643,Trisha Dillon,F
643,644,Cadence Morley,F
644,645,Elijah Rogers,M
645,646,Hanna Lucas,F
646,647,Leanne Ellis,F
647,648,Owen Ingram,M
648,649,Alice Atkinson,F
649,650,Rufus Rosenbloom,M
650,651,Angel Lynch,F
651,652,Gabriel Kelly,M
652,653,Cristal Johnson,F
653,654,Kendra Shaw,F
654,655,Madison Cox,F
655,656,Ron Uddin,M
656,657,Julian Selby,M
657,658,Tyson Ellis,M
658,659,Callie Donovan,F
659,660,Liam Miller,M
660,661,Barry Clark,M
661,662,Leilani Parsons,F
662,663,Brad Holmes,M
663,664,Danny Partridge,M
664,665,Eden Dempsey,F
665,666,Harvey Dyson,M
666,667,Enoch Douglas,M
667,668,Rosemary Ianson,F
668,669,Clint Lynn,M
669,670,Trisha Simpson,F
670,671,Cameron Tyrrell,F
671,672,Carrie Eddison,F
672,673,Danielle Jennson,F
673,674,Hannah Emerson,F
674,675,Erin Evans,F
675,676,Daron Reyes,M
676,677,Johnathan Abbey,M
677,678,Ada Ulyatt,F
678,679,Mona Strong,F
679,680,Ada Bailey,F
680,681,Anais Hopkinson,F
681,682,Daniel Savage,M
682,683,Marjorie Weasley,F
683,684,Greta Jacobs,F
684,685,Ramon Willis,M
685,686,Luke Cartwright,M
686,687,Cecilia Roman,F
687,688,Margot Carter,F
688,689,Isabel Ripley,F
689,690,Judith Giles,F
690,691,Ryan Fox,M
691,692,Faith Upton,F
692,693,Michael Craig,M
693,694,Marissa Fenton,F
694,695,Maddison Khan,F
695,696,Hayden Ingram,M
696,697,Isabel Redwood,F
697,698,Josephine Cassidy,F
698,699,Maggie Dwyer,F
699,700,Kimberly Addis,F
700,701,Eryn Walsh,F
701,702,Isabel Tutton,F
702,703,Maxwell Graham,M
703,704,Fred Coll,M
704,705,Mark Lane,M
705,706,Johnathan Ellison,M
706,707,Elijah Morgan,M
707,708,Daphne Edmonds,F
708,709,Jack Hardwick,M
709,710,William Swan,M
710,711,Megan Stark,F
711,712,Vicky Nanton,F
712,713,Luke Blackburn,M
713,714,Luke Dyson,M
714,715,Owen Hale,M
715,716,Cedrick Shea,M
716,717,Joseph Tindall,M
717,718,Agnes Addis,F
718,719,Brad Lindop,M
719,720,Gabriel Sherry,M
720,721,Bryon Willson,M
721,722,Chris Bradshaw,M
722,723,Lucas Hale,M
723,724,Ryan Brown,M
724,725,Alexia Randall,F
725,726,Adina Dickson,F
726,727,Jade Sherry,F
727,728,Summer Owen,F
728,729,Bryce Parker,F
729,730,Daniel Pope,M
730,731,Charlotte Olson,F
731,732,Harvey Wilkinson,M
732,733,Bart Saunders,M
733,734,Chad Webster,M
734,735,Sabina Wilcox,F
735,736,Daniel Crawford,M
736,737,Enoch Oldfield,M
737,738,Anabel Todd,F
738,739,Vera Spencer,F
739,740,Britney Burnley,F
740,741,Erick Wilde,M
741,742,Elly Russell,F
742,743,Nathan Ainsworth,M
743,744,Barney Owen,M
744,745,Logan Robinson,M
745,746,Remy Pope,F
746,747,Gabriel Williams,M
747,748,Phoebe Mason,F
748,749,Evelynn Dwyer,F
749,750,Martha Evans,F
750,751,Ronald Raven,M
751,752,Gabriel Morris,M
752,753,Maggie Weasley,F
753,754,Marvin Bailey,M
754,755,Jacob Wilton,M
755,756,Ryan Kennedy,M
756,757,Carolyn Durrant,F
757,758,Livia Knight,F
758,759,Ivette Vallory,F
759,760,Abdul Cassidy,M
760,761,Jenna Thompson,F
761,762,Tara Thomas,F
762,763,Danny Watson,M
763,764,Bart Wright,M
764,765,Lexi Griffiths,F
765,766,Doug Murphy,M
766,767,Sebastian Harris,M
767,768,Enoch Ralph,M
768,769,Alessia Nurton,F
769,770,Chuck Griffiths,M
770,771,Emerald Judd,F
771,772,Scarlett Healy,F
772,773,Nicholas Jarvis,M
773,774,Christine Webster,F
774,775,Miley Middleton,F
775,776,Kurt Hale,M
776,777,Harmony Overson,F
777,778,Jayden Hunt,M
778,779,Mark Ingham,M
779,780,Alice Richardson,F
780,781,Roger Benfield,M
781,782,Phillip Bullock,M
782,783,Kate Clarke,F
783,784,Mavis Nanton,F
784,785,Jacob Reid,M
785,786,Christy Boden,F
786,787,John Rossi,M
787,788,Sebastian Blythe,M
788,789,Isabel Weldon,F
789,790,Blake Matthews,F
790,791,Rae Flanders,F
791,792,Cadence Neal,F
792,793,Rufus Wren,M
793,794,Clint Simpson,M
794,795,Alexander Stone,M
795,796,Teagan Davies,F
796,797,Maddison Giles,F
797,798,Mayleen Russel,F
798,799,Anthony Reynolds,M
799,800,Holly Richards,F
800,801,Janice Smith,F
801,802,Tyler Gallacher,M
802,803,Luke Glass,M
803,804,Naomi Carter,F
804,805,Gil Pierce,M
805,806,Gwenyth Bayliss,F
806,807,Denny Gilmour,M
807,808,Summer Ulyatt,F
808,809,Deborah Campbell,F
809,810,Julian Eagle,M
810,811,Paige Haines,F
811,812,Kate Collis,F
812,813,Elijah Darcy,M
813,814,Destiny Briggs,F
814,815,Emmanuelle Keys,F
815,816,Javier Wood,M
816,817,Kirsten Egerton,F
817,818,Cristal Coates,F
818,819,Benny Duvall,M
819,820,Irene Adler,F
820,821,Harvey Mason,M
821,822,Jayden Skinner,M
822,823,Gil Shelton,M
823,824,Carrie Gibson,F
824,825,Camden Knight,F
825,826,Barney Hobson,M
826,827,Hailey Hill,F
827,828,Goldie Cox,F
828,829,Mike Shields,M
829,830,Bryce Widdows,F
830,831,Ethan Andersson,M
831,832,Valentina Nurton,F
832,833,Charlize Mould,F
833,834,Tyson Seymour,M
834,835,Nathan Hewitt,M
835,836,Harvey Logan,M
836,837,Nathan Murray,M
837,838,Deborah Norman,F
838,839,Alma Blackwall,F
839,840,Chuck Mills,M
840,841,Mayleen Nelson,F
841,842,Remy Fisher,F
842,843,Violet Harrington,F
843,844,Carla Rogers,F
844,845,Bart Warner,M
845,846,Julius Dillon,M
846,847,Lindsay Yoman,F
847,848,Laila Tobin,F
848,849,Carter Stone,M
849,850,Sharon Spencer,F
850,851,Mason Hopkinson,M
851,852,Sebastian Alcroft,M
852,853,Tyler Hepburn,M
853,854,Cynthia Jones,F
854,855,Mason Smith,M
855,856,Josh Boyle,M
856,857,Norah Cox,F
857,858,Clint Mills,M
858,859,Rosie Wright,F
859,860,Mason Lee,M
860,861,John Coates,M
861,862,Evie Palmer,F
862,863,Ramon Barrett,M
863,864,Harry Ashley,M
864,865,David Stewart,M
865,866,Ember Mccormick,F
866,867,Mike Eyres,M
867,868,Cherish Gregory,F
868,869,Karen Mcnally,F
869,870,Elena Dickson,F
870,871,Oliver James,M
871,872,Melinda Stone ,F
872,873,Quinn Radcliffe,F
873,874,Bryon Blythe,M
874,875,Danny Morley,M
875,876,Caleb Aldridge,M
876,877,Skylar Thatcher,F
877,878,Dani Connor,F
878,879,Jack Rust,M
879,880,Matt Faulkner,M
880,881,Maxwell Villiger,M
881,882,Brad Grant,M
882,883,Mary Bayliss,F
883,884,Vivian Holmes,F
884,885,Doug Ellery,M
885,886,Johnny Dyson,M
886,887,Lynn Matthews,F
887,888,Hank Skinner,M
888,889,Chris Briggs,M
889,890,Liam Thatcher,M
890,891,Domenic Button,M
891,892,Elena Curtis,F
892,893,Denis Boden,M
893,894,Javier Wheeler,M
894,895,Daniel Jones,M
895,896,Harry Todd,M
896,897,Logan Boyle,F
897,898,Miriam Stubbs,F
898,899,Nicholas Sheldon,M
899,900,Doug Richards,M
900,901,Enoch Addison,M
901,902,Jamie Mould,F
902,903,Faith Nurton,F
903,904,Renee Brown,F
904,905,Melinda Crawley,F
905,906,Tyson Broomfield,M
906,907,Rosalee Stuart,F
907,908,Nate Clayton,M
908,909,Valentina Quinn,F
909,910,Selena Eaton,F
910,911,Camden Bennett,F
911,912,Ramon Reynolds,M
912,913,Erin Hood,F
913,914,Kassandra Denton,F
914,915,Eduardo Benson,M
915,916,Johnathan Rogers,M
916,917,Gil Drake,M
917,918,Martin Morgan,M
918,919,Hayden Poulton,M
919,920,Sebastian Carpenter,M
920,921,Dani Drummond,F
921,922,Sebastian Yarlett,M
922,923,Jack Wright,M
923,924,Lucas Yarlett,M
924,925,Chuck Hood,M
925,926,Nick Gordon,M
926,927,Marvin Jackson,M
927,928,Matt Russell,M
928,929,Henry Umney,M
929,930,Bridget Tyrrell,F
930,931,Johnathan Wright,M
931,932,Sabina Rothwell,F
932,933,Adalind Poole,F
933,934,Evie Reid,F
934,935,Joseph Brown,M
935,936,Nicholas Craig,M
936,937,Cameron Michael,F
937,938,Peter Mcnally,M
938,939,Francesca Fox,F
939,940,Daniel Thatcher,M
940,941,Wade Page ,M
941,942,Drew Morrison,F
942,943,Wade Uttridge,M
943,944,Owen Archer,M
944,945,Wade Gordon,M
945,946,Noah Matthews,M
946,947,Trisha Silva,F
947,948,Peyton Stevenson,F
948,949,Johnny Amstead,M
949,950,Elena Thomson,F
950,951,Holly Neville,F
951,952,Enoch Rehman,M
952,953,Meredith Rowlands,F
953,954,Barry Collins,M
954,955,Carmen Reynolds,F
955,956,Camila Carson,F
956,957,Amy Ellwood,F
957,958,Enoch Bishop,M
958,959,Eve Drake,F
959,960,Caleb Malone,M
960,961,Rihanna London,F
961,962,George Dunbar,M
962,963,Mark Vinton,M
963,964,Shelby Todd,F
964,965,Celia Varley,F
965,966,Carter James,M
966,967,Rocco Rosenbloom,M
967,968,Daria Ianson,F
968,969,Rae Gonzales,F
969,970,Carla Smith,F
970,971,Phillip Potter,M
971,972,Kirsten Evans,F
972,973,Nathan Irwin,M
973,974,Judith Murray,F
974,975,Domenic Clark,M
975,976,Chad Gibbons,M
976,977,Kieth Benfield,M
977,978,Nina Robinson,F
978,979,Jules Bradley,F
979,980,Chuck Hopkinson,M
980,981,Jade Cadman,F
981,982,Emery Silva,F
982,983,Alexa Faulkner,F
983,984,Alessandra Jones,F
984,985,Anabel Tailor,F
985,986,Maggie Noon,F
986,987,Jack Niles,M
987,988,Keira York,F
988,989,Lauren London,F
989,990,Gabriel Stanley,M
990,991,Maia Paterson,F
991,992,Hayden Grady,F
992,993,Boris Donovan,M
993,994,Cameron Hill,F
994,995,Jack Morrison,M
995,996,Boris Gilmore,M
996,997,Bart Owen,M
997,998,Jack Lloyd,M
998,999,Leroy Lloyd,M
999,1000,Agnes Wigley,F
