idh,id,passions
1,0,Hard Rock
2,1,Blues
3,2,Blues
4,3,Dubstep
5,4,Hard Rock
6,5,Soul
7,6,House
8,7,Pop
9,8,Latin
10,9,Opera
11,10,Country
12,11,Dubstep
13,12,Reggae
14,13,Soul
15,14,Pop
16,15,Latin
17,16,Hard Rock
18,17,Techno
19,18,Techno
20,19,Latin
21,20,Hard Rock
22,21,Hip-Hop
23,22,Hip-Hop
24,23,Latin
25,24,House
26,25,Latin
27,26,Pop
28,27,Soul
29,28,Techno
30,29,Soul
31,30,Hard Rock
32,31,Pop
33,32,Jazz
34,33,Baroque
35,34,Drum & Bass
36,35,Jazz
37,36,Soul
38,37,Baroque
39,38,Hard Rock
40,39,Pop
41,40,Reggae
42,41,House
43,42,Drum & Bass
44,43,Jazz
45,44,Blues
46,45,Latin
47,46,Soul
48,47,Pop
49,48,Opera
50,49,Baroque
51,50,House
52,51,Hard Rock
53,52,Pop
54,53,Dubstep
55,54,Pop
56,55,Latin
57,56,Baroque
58,57,Baroque
59,58,Drum & Bass
60,59,Hip-Hop
61,60,Drum & Bass
62,61,Hip-Hop
63,62,Dubstep
64,63,Country
65,64,Dubstep
66,65,Hip-Hop
67,66,Blues
68,67,Pop
69,68,Baroque
70,69,Opera
71,70,Jazz
72,71,Techno
73,72,Hard Rock
74,73,Reggae
75,74,Opera
76,75,Latin
77,76,Pop
78,77,Soul
79,78,Reggae
80,79,Baroque
81,80,Techno
82,81,Pop
83,82,Baroque
84,83,Hip-Hop
85,84,Blues
86,85,Hard Rock
87,86,Blues
88,87,Latin
89,88,Drum & Bass
90,89,Jazz
91,90,Reggae
92,91,Country
93,92,Jazz
94,93,House
95,94,Hard Rock
96,95,Pop
97,96,House
98,97,Reggae
99,98,Opera
100,99,Blues
101,100,Dubstep
102,101,Opera
103,102,Hard Rock
104,103,Reggae
105,104,Blues
106,105,Reggae
107,106,Hard Rock
108,107,Latin
109,108,Baroque
110,109,Blues
111,110,Opera
112,111,Country
113,112,Techno
114,113,Dubstep
115,114,Reggae
116,115,Blues
117,116,Reggae
118,117,Pop
119,118,Dubstep
120,119,Country
121,120,Hard Rock
122,121,Country
123,122,Hard Rock
124,123,Dubstep
125,124,Jazz
126,125,Baroque
127,126,Opera
128,127,Blues
129,128,Reggae
130,129,Soul
131,130,Country
132,131,Techno
133,132,House
134,133,Pop
135,134,Dubstep
136,135,Pop
137,136,Hip-Hop
138,137,Latin
139,138,Baroque
140,139,Techno
141,140,Baroque
142,141,Soul
143,142,Opera
144,143,Techno
145,144,Drum & Bass
146,145,Dubstep
147,146,Jazz
148,147,Reggae
149,148,Hip-Hop
150,149,Country
151,150,Soul
152,151,Pop
153,152,Jazz
154,153,Techno
155,154,Baroque
156,155,House
157,156,Techno
158,157,Latin
159,158,Latin
160,159,Dubstep
161,160,Hard Rock
162,161,Soul
163,162,Soul
164,163,Drum & Bass
165,164,Hard Rock
166,165,Soul
167,166,Soul
168,167,Reggae
169,168,Pop
170,169,Hard Rock
171,170,Latin
172,171,Techno
173,172,Dubstep
174,173,Baroque
175,174,Opera
176,175,Latin
177,176,Jazz
178,177,Soul
179,178,Hip-Hop
180,179,Hip-Hop
181,180,Blues
182,181,Hip-Hop
183,182,Hip-Hop
184,183,Hard Rock
185,184,House
186,185,Pop
187,186,Baroque
188,187,Country
189,188,Baroque
190,189,Hard Rock
191,190,Jazz
192,191,Blues
193,192,Techno
194,193,Dubstep
195,194,House
196,195,Hip-Hop
197,196,Baroque
198,197,Reggae
199,198,Blues
200,199,Baroque
201,200,Opera
202,201,House
203,202,Techno
204,203,Dubstep
205,204,Techno
206,205,Hip-Hop
207,206,Dubstep
208,207,Baroque
209,208,Techno
210,209,Latin
211,210,House
212,211,Country
213,212,Latin
214,213,Hip-Hop
215,214,Pop
216,215,Pop
217,216,Hard Rock
218,217,Latin
219,218,Dubstep
220,219,Hard Rock
221,220,Opera
222,221,House
223,222,Country
224,223,Hip-Hop
225,224,Dubstep
226,225,Opera
227,226,Pop
228,227,Dubstep
229,228,Blues
230,229,House
231,230,Pop
232,231,House
233,232,Drum & Bass
234,233,Hard Rock
235,234,Reggae
236,235,Soul
237,236,Hip-Hop
238,237,Latin
239,238,Dubstep
240,239,Dubstep
241,240,Country
242,241,Country
243,242,Drum & Bass
244,243,Dubstep
245,244,Techno
246,245,Opera
247,246,Hip-Hop
248,247,House
249,248,House
250,249,Drum & Bass
251,250,Jazz
252,251,Hip-Hop
253,252,Hip-Hop
254,253,Opera
255,254,House
256,255,Hard Rock
257,256,House
258,257,Reggae
259,258,Soul
260,259,Jazz
261,260,Hip-Hop
262,261,Opera
263,262,Blues
264,263,Pop
265,264,Country
266,265,Techno
267,266,Drum & Bass
268,267,Dubstep
269,268,Latin
270,269,Dubstep
271,270,Hip-Hop
272,271,Opera
273,272,Techno
274,273,Hard Rock
275,274,Hip-Hop
276,275,Hard Rock
277,276,Techno
278,277,Latin
279,278,Latin
280,279,Hard Rock
281,280,Soul
282,281,Opera
283,282,Country
284,283,Blues
285,284,Baroque
286,285,Latin
287,286,Pop
288,287,Drum & Bass
289,288,Reggae
290,289,House
291,290,Soul
292,291,Country
293,292,Techno
294,293,Latin
295,294,Hip-Hop
296,295,Reggae
297,296,Drum & Bass
298,297,Baroque
299,298,Baroque
300,299,Hard Rock
301,300,Soul
302,301,Latin
303,302,Opera
304,303,Hip-Hop
305,304,Reggae
306,305,Baroque
307,306,Soul
308,307,Blues
309,308,Reggae
310,309,Techno
311,310,Dubstep
312,311,Jazz
313,312,Drum & Bass
314,313,Pop
315,314,Dubstep
316,315,Hard Rock
317,316,Country
318,317,House
319,318,Baroque
320,319,Dubstep
321,320,Opera
322,321,Jazz
323,322,Country
324,323,Jazz
325,324,House
326,325,Techno
327,326,Country
328,327,Drum & Bass
329,328,Baroque
330,329,Drum & Bass
331,330,Country
332,331,Hip-Hop
333,332,Country
334,333,Opera
335,334,Baroque
336,335,Blues
337,336,Jazz
338,337,Dubstep
339,338,Jazz
340,339,Pop
341,340,Country
342,341,Pop
343,342,Blues
344,343,Reggae
345,344,Hard Rock
346,345,Hip-Hop
347,346,Soul
348,347,Opera
349,348,House
350,349,Baroque
351,350,House
352,351,Hard Rock
353,352,Dubstep
354,353,Country
355,354,Baroque
356,355,Jazz
357,356,Opera
358,357,Hard Rock
359,358,Latin
360,359,Reggae
361,360,Pop
362,361,Blues
363,362,Jazz
364,363,Hard Rock
365,364,Jazz
366,365,Country
367,366,Hard Rock
368,367,Soul
369,368,Baroque
370,369,Soul
371,370,Blues
372,371,Dubstep
373,372,Techno
374,373,Country
375,374,Reggae
376,375,Jazz
377,376,Soul
378,377,Hip-Hop
379,378,Baroque
380,379,Baroque
381,380,Soul
382,381,Pop
383,382,Dubstep
384,383,Hard Rock
385,384,Hip-Hop
386,385,Baroque
387,386,Dubstep
388,387,House
389,388,Reggae
390,389,Pop
391,390,Opera
392,391,Techno
393,392,Jazz
394,393,Baroque
395,394,Hip-Hop
396,395,Hip-Hop
397,396,Hard Rock
398,397,Dubstep
399,398,House
400,399,Baroque
401,400,House
402,401,Hard Rock
403,402,Hip-Hop
404,403,Techno
405,404,Reggae
406,405,Blues
407,406,Latin
408,407,Jazz
409,408,Soul
410,409,Reggae
411,410,Reggae
412,411,Soul
413,412,Pop
414,413,Opera
415,414,House
416,415,Blues
417,416,Jazz
418,417,Soul
419,418,House
420,419,Hard Rock
421,420,Soul
422,421,Latin
423,422,Techno
424,423,Techno
425,424,Baroque
426,425,Opera
427,426,Blues
428,427,Blues
429,428,House
430,429,Hard Rock
431,430,Hip-Hop
432,431,House
433,432,Baroque
434,433,Drum & Bass
435,434,House
436,435,Country
437,436,Soul
438,437,Techno
439,438,Baroque
440,439,Latin
441,440,Drum & Bass
442,441,Soul
443,442,Pop
444,443,Country
445,444,Blues
446,445,Pop
447,446,Drum & Bass
448,447,Latin
449,448,House
450,449,Soul
451,450,Hip-Hop
452,451,Dubstep
453,452,Jazz
454,453,Latin
455,454,Hip-Hop
456,455,Reggae
457,456,Opera
458,457,Country
459,458,Techno
460,459,Techno
461,460,House
462,461,Techno
463,462,Country
464,463,Jazz
465,464,Reggae
466,465,Drum & Bass
467,466,Reggae
468,467,Opera
469,468,Baroque
470,469,Techno
471,470,Reggae
472,471,Reggae
473,472,Drum & Bass
474,473,Country
475,474,House
476,475,Pop
477,476,Hard Rock
478,477,Hard Rock
479,478,Pop
480,479,Techno
481,480,Jazz
482,481,Latin
483,482,Hip-Hop
484,483,Dubstep
485,484,Baroque
486,485,Latin
487,486,Hard Rock
488,487,Latin
489,488,Soul
490,489,House
491,490,Hip-Hop
492,491,Techno
493,492,Reggae
494,493,House
495,494,Pop
496,495,Soul
497,496,Baroque
498,497,Baroque
499,498,Hip-Hop
500,499,Techno
501,500,Opera
502,501,Jazz
503,502,Reggae
504,503,House
505,504,Country
506,505,Jazz
507,506,Jazz
508,507,Hard Rock
509,508,Opera
510,509,Reggae
511,510,Soul
512,511,Country
513,512,Country
514,513,Hard Rock
515,514,Techno
516,515,Drum & Bass
517,516,House
518,517,Pop
519,518,House
520,519,House
521,520,Drum & Bass
522,521,Reggae
523,522,Dubstep
524,523,Reggae
525,524,Dubstep
526,525,Dubstep
527,526,Hip-Hop
528,527,Jazz
529,528,Jazz
530,529,Soul
531,530,Jazz
532,531,Country
533,532,Jazz
534,533,Dubstep
535,534,Hard Rock
536,535,Soul
537,536,Latin
538,537,Opera
539,538,Soul
540,539,Jazz
541,540,Reggae
542,541,Blues
543,542,Opera
544,543,Drum & Bass
545,544,House
546,545,Dubstep
547,546,Hard Rock
548,547,Opera
549,548,Blues
550,549,Hip-Hop
551,550,Soul
552,551,Soul
553,552,Drum & Bass
554,553,Hip-Hop
555,554,House
556,555,Reggae
557,556,Reggae
558,557,Hip-Hop
559,558,Soul
560,559,Blues
561,560,Reggae
562,561,Country
563,562,Hard Rock
564,563,Blues
565,564,Hip-Hop
566,565,Hard Rock
567,566,Hip-Hop
568,567,Soul
569,568,Jazz
570,569,Pop
571,570,Jazz
572,571,Soul
573,572,Hard Rock
574,573,Latin
575,574,Drum & Bass
576,575,House
577,576,Reggae
578,577,Dubstep
579,578,Opera
580,579,Soul
581,580,House
582,581,Drum & Bass
583,582,Soul
584,583,Hip-Hop
585,584,Soul
586,585,Dubstep
587,586,Latin
588,587,Hip-Hop
589,588,Dubstep
590,589,Country
591,590,Baroque
592,591,Hard Rock
593,592,Soul
594,593,Baroque
595,594,Opera
596,595,Reggae
597,596,Country
598,597,Hard Rock
599,598,Pop
600,599,Baroque
601,600,Pop
602,601,Reggae
603,602,Hip-Hop
604,603,Latin
605,604,Dubstep
606,605,Opera
607,606,Opera
608,607,Baroque
609,608,Reggae
610,609,House
611,610,Reggae
612,611,Dubstep
613,612,Dubstep
614,613,Drum & Bass
615,614,Jazz
616,615,Latin
617,616,Drum & Bass
618,617,Opera
619,618,Opera
620,619,Reggae
621,620,Hard Rock
622,621,Country
623,622,Jazz
624,623,Hip-Hop
625,624,Dubstep
626,625,Dubstep
627,626,Hard Rock
628,627,Blues
629,628,Country
630,629,House
631,630,Dubstep
632,631,Reggae
633,632,House
634,633,Drum & Bass
635,634,Pop
636,635,House
637,636,Latin
638,637,Dubstep
639,638,Country
640,639,Hard Rock
641,640,Soul
642,641,House
643,642,Jazz
644,643,Opera
645,644,House
646,645,Drum & Bass
647,646,Dubstep
648,647,Jazz
649,648,House
650,649,Baroque
651,650,Reggae
652,651,Reggae
653,652,Latin
654,653,Pop
655,654,Pop
656,655,Jazz
657,656,Blues
658,657,Blues
659,658,Pop
660,659,House
661,660,Opera
662,661,Baroque
663,662,Hip-Hop
664,663,Blues
665,664,Pop
666,665,Latin
667,666,Blues
668,667,Hip-Hop
669,668,Reggae
670,669,Opera
671,670,Jazz
672,671,Hip-Hop
673,672,Pop
674,673,Drum & Bass
675,674,Latin
676,675,Reggae
677,676,Baroque
678,677,Dubstep
679,678,Baroque
680,679,Blues
681,680,Blues
682,681,Techno
683,682,Country
684,683,Latin
685,684,Techno
686,685,Latin
687,686,Techno
688,687,Reggae
689,688,Drum & Bass
690,689,Opera
691,690,Dubstep
692,691,Opera
693,692,Jazz
694,693,Reggae
695,694,Hip-Hop
696,695,Blues
697,696,Baroque
698,697,Soul
699,698,House
700,699,Latin
701,700,Blues
702,701,Opera
703,702,Techno
704,703,Hard Rock
705,704,Reggae
706,705,Hip-Hop
707,706,Techno
708,707,Hard Rock
709,708,Jazz
710,709,Soul
711,710,Jazz
712,711,Hip-Hop
713,712,Latin
714,713,Reggae
715,714,Drum & Bass
716,715,Dubstep
717,716,Opera
718,717,Drum & Bass
719,718,Hard Rock
720,719,Reggae
721,720,Blues
722,721,Soul
723,722,Hard Rock
724,723,Latin
725,724,Latin
726,725,Opera
727,726,House
728,727,Blues
729,728,Dubstep
730,729,Dubstep
731,730,Hard Rock
732,731,Reggae
733,732,Jazz
734,733,Jazz
735,734,Reggae
736,735,Country
737,736,Latin
738,737,Hard Rock
739,738,Soul
740,739,Baroque
741,740,Latin
742,741,Hard Rock
743,742,Pop
744,743,Opera
745,744,Pop
746,745,Country
747,746,Opera
748,747,Hard Rock
749,748,Soul
750,749,Soul
751,750,Drum & Bass
752,751,Hip-Hop
753,752,Country
754,753,Hard Rock
755,754,House
756,755,Country
757,756,Blues
758,757,Latin
759,758,Baroque
760,759,House
761,760,Blues
762,761,Soul
763,762,Drum & Bass
764,763,Blues
765,764,Baroque
766,765,Hard Rock
767,766,Techno
768,767,Jazz
769,768,Opera
770,769,Latin
771,770,Pop
772,771,Drum & Bass
773,772,Pop
774,773,Drum & Bass
775,774,Opera
776,775,Hip-Hop
777,776,Pop
778,777,Hip-Hop
779,778,Blues
780,779,Latin
781,780,Latin
782,781,Baroque
783,782,Blues
784,783,Soul
785,784,Jazz
786,785,Drum & Bass
787,786,Pop
788,787,Latin
789,788,Hip-Hop
790,789,Dubstep
791,790,Dubstep
792,791,House
793,792,Blues
794,793,Pop
795,794,Blues
796,795,Hip-Hop
797,796,Hard Rock
798,797,Reggae
799,798,Opera
800,799,Soul
801,800,Country
802,801,Jazz
803,802,Reggae
804,803,Hard Rock
805,804,Reggae
806,805,Pop
807,806,Jazz
808,807,Pop
809,808,Opera
810,809,Soul
811,810,Hard Rock
812,811,Hip-Hop
813,812,Hard Rock
814,813,Dubstep
815,814,Hard Rock
816,815,Opera
817,816,Soul
818,817,Country
819,818,Latin
820,819,Drum & Bass
821,820,Hip-Hop
822,821,Drum & Bass
823,822,Country
824,823,Pop
825,824,Techno
826,825,Blues
827,826,Opera
828,827,Techno
829,828,Hip-Hop
830,829,Drum & Bass
831,830,Blues
832,831,Hard Rock
833,832,Country
834,833,Dubstep
835,834,House
836,835,Hip-Hop
837,836,Techno
838,837,Opera
839,838,Blues
840,839,Baroque
841,840,Jazz
842,841,Drum & Bass
843,842,Jazz
844,843,Reggae
845,844,Dubstep
846,845,Blues
847,846,Dubstep
848,847,Soul
849,848,Techno
850,849,Country
851,850,Hard Rock
852,851,Reggae
853,852,Dubstep
854,853,Blues
855,854,Soul
856,855,Blues
857,856,Baroque
858,857,Reggae
859,858,Pop
860,859,Soul
861,860,Hard Rock
862,861,Country
863,862,Opera
864,863,Baroque
865,864,Techno
866,865,Soul
867,866,Opera
868,867,House
869,868,Hard Rock
870,869,Techno
871,870,Dubstep
872,871,Drum & Bass
873,872,Hip-Hop
874,873,Soul
875,874,Opera
876,875,Drum & Bass
877,876,Baroque
878,877,Soul
879,878,Techno
880,879,House
881,880,Reggae
882,881,Hip-Hop
883,882,Pop
884,883,Reggae
885,884,Country
886,885,Hip-Hop
887,886,Dubstep
888,887,Blues
889,888,Blues
890,889,Drum & Bass
891,890,Techno
892,891,Jazz
893,892,Opera
894,893,Country
895,894,Blues
896,895,Reggae
897,896,Baroque
898,897,House
899,898,Country
900,899,Soul
901,900,Techno
902,901,Soul
903,902,Drum & Bass
904,903,Opera
905,904,Opera
906,905,Hard Rock
907,906,Soul
908,907,Dubstep
909,908,Soul
910,909,Baroque
911,910,Reggae
912,911,Hip-Hop
913,912,Latin
914,913,Soul
915,914,Opera
916,915,Opera
917,916,Hip-Hop
918,917,Latin
919,918,Drum & Bass
920,919,House
921,920,Hard Rock
922,921,Hard Rock
923,922,Pop
924,923,Dubstep
925,924,Latin
926,925,Soul
927,926,Hip-Hop
928,927,Opera
929,928,Jazz
930,929,Dubstep
931,930,Baroque
932,931,Baroque
933,932,Latin
934,933,Techno
935,934,House
936,935,Drum & Bass
937,936,Drum & Bass
938,937,Techno
939,938,Latin
940,939,Hip-Hop
941,940,House
942,941,Country
943,942,Baroque
944,943,Soul
945,944,Reggae
946,945,Pop
947,946,Blues
948,947,Opera
949,948,Techno
950,949,Baroque
951,950,Pop
952,951,House
953,952,House
954,953,Country
955,954,Baroque
956,955,House
957,956,Jazz
958,957,Soul
959,958,Jazz
960,959,Drum & Bass
961,960,Blues
962,961,Dubstep
963,962,Drum & Bass
964,963,Hard Rock
965,964,Hard Rock
966,965,Reggae
967,966,Reggae
968,967,Pop
969,968,Pop
970,969,Baroque
971,970,Techno
972,971,Jazz
973,972,Jazz
974,973,Hard Rock
975,974,Pop
976,975,Pop
977,976,Hip-Hop
978,977,Latin
979,978,Latin
980,979,Hip-Hop
981,980,Drum & Bass
982,981,Drum & Bass
983,982,Latin
984,983,Reggae
985,984,Pop
986,985,Soul
987,986,Pop
988,987,Baroque
989,988,Dubstep
990,989,Techno
991,990,Latin
992,991,House
993,992,Blues
994,993,Hip-Hop
995,994,Pop
996,995,Pop
997,996,Techno
998,997,House
999,998,Pop
1000,999,House
